PatientID,Duration_Hours,TotalSamples,NumChannels,SNR_mean,SNR_std,ArtifactRatio_mean,ArtifactRatio_std,MissingDataRatio,SeizureSamples,SeizureRatio
sub-039,20.5755555555556,18518001,16,12.0691638626158,9.651397172141,0.0772929270281387,0.0713524158715423,0,29512,0.00159369253733165
sub-015,20.8913888888889,18802251,16,23.2982663586736,46.0151090290575,0.114142835876407,0.112056952957637,0,9001,0.000478719276750427
sub-022,21.4705555555556,19323501,16,38.5953220464289,47.3559993044706,0.151988173623403,0.147831644389077,0,0,0
