PatientID,AUC,Sensitivity,Specificity,F1_Score,Accuracy,PValue
sub-015,0.913970196913251,0.85,0.890367216604577,0.0394889663182346,0.89026008492569,1.5115329808171e-10
sub-103,0.790614592794429,1,0.761883136542537,0.00631711939355654,0.762063227953411,0.024451982647466
